<?xml version="1.0"?>
<config xmlns:xsi="http://www.w3.org/2001/XMLSchema-instance" xsi:noNamespaceSchemaLocation="../../../../../lib/internal/Magento/Framework/ObjectManager/etc/config.xsd">
    <type name="Magento\Framework\View\Element\UiComponent\DataProvider\CollectionFactory">
        <arguments>
            <argument name="collections" xsi:type="array">
                <item name="custom_listing_data_source" xsi:type="string">Custom\Uiform\Model\ResourceModel\Uiform\Collection</item>
            </argument>
        </arguments>
    </type>
    <virtualType name="Custom\Uiform\Model\ResourceModel\Uiform\Collection" type="Magento\Framework\View\Element\UiComponent\DataProvider\SearchResult">
        <arguments>
            <argument name="mainTable" xsi:type="string">form_block</argument>
            <argument name="resourceModel" xsi:type="string">Custom\Uiform\Model\ResourceModel\Uiform</argument>
        </arguments>
    </virtualType>
</config>
